Gruppo Muscolare,Esercizio,Attrezzatura,Difficoltà
Petto,Panca Piana Bilanciere,Bilanciere,Intermedio
Petto,Panca Inclinata Bilanciere,Bilanciere,Intermedio
Petto,Panca Declinata Bilanciere,Bilanciere,Avanzato
Petto,Spinte su Panca Piana Manubri,Manubri,Intermedio
Petto,Spinte su Panca Inclinata Manubri,Manubri,Intermedio
Petto,Croci su Panca Piana Manubri,Manubri,Principiante
Petto,Croci su Panca Inclinata Manubri,Manubri,Principiante
Petto,Croci ai Cavi Alti,Cavi,Principiante
Petto,Croci ai Cavi Bassi,Cavi,Intermedio
Petto,Chest Press Machine,Macchina,Principiante
Petto,Pectoral Fly Machine,Macchina,Principiante
Petto,Dip alle Parallele (Focus Petto),Corpo Libero / Zavorra,Avanzato
Petto,Piegamenti sulle Braccia (Push-up),Corpo Libero,Principiante
Petto,Pull-over con Manubrio,Manubrio,Intermedio
Dorso,Trazioni alla Sbarra (Pull-up),Corpo Libero / Zavorra,Avanzato
Dorso,Trazioni Presa Invertita (Chin-up),Corpo Libero / Zavorra,Intermedio
Dorso,Lat Machine Avanti Presa Larga,Macchina / Cavi,Principiante
Dorso,Lat Machine Presa Inversa,Macchina / Cavi,Principiante
Dorso,Lat Machine Presa Neutra (Pulley),Macchina / Cavi,Principiante
Dorso,Rematore con Bilanciere,Bilanciere,Intermedio
Dorso,Rematore con Manubrio,Manubri,Principiante
Dorso,Pulley Basso,Macchina / Cavi,Principiante
Dorso,Rematore alla T-Bar,Bilanciere / Macchina,Intermedio
Dorso,Pull-down alla Lat Machine a Braccia Tese,Cavi,Principiante
Dorso,Vertical Row Machine,Macchina,Principiante
Dorso,Iperestensioni (Hyperextension),Corpo Libero / Panca,Principiante
Dorso,Scrollate con Bilanciere (Trapezi),Bilanciere,Principiante
Dorso,Scrollate con Manubri (Trapezi),Manubri,Principiante
Gambe,Squat con Bilanciere,Bilanciere,Intermedio
Gambe,Front Squat,Bilanciere,Avanzato
Gambe,Leg Press 45°,Macchina,Principiante
Gambe,Hack Squat,Macchina,Intermedio
Gambe,Affondi Camminati con Manubri,Manubri,Intermedio
Gambe,Squat Bulgaro con Manubri,Manubri / Panca,Intermedio
Gambe,Leg Extension,Macchina,Principiante
Gambe,Goblet Squat,Manubrio / Kettlebell,Principiante
Gambe,Hip Thrust con Bilanciere,Bilanciere / Panca,Intermedio
Gambe,Glute Bridges,Corpo Libero / Bilanciere,Principiante
Gambe,Abductor Machine,Macchina,Principiante
Gambe,Adductor Machine,Macchina,Principiante
Gambe,Slanci Posteriori al Cavo Basso,Cavi,Principiante
Gambe,Stacco da Terra Rumeno (RDL),Bilanciere,Intermedio
Gambe,Stacco Rumeno con Manubri,Manubri,Principiante
Gambe,Leg Curl Sdraiato,Macchina,Principiante
Gambe,Leg Curl Seduto,Macchina,Principiante
Gambe,Calf Raise Seduto,Macchina,Principiante
Gambe,Calf Raise In Piedi,Macchina / Bilanciere,Principiante
Gambe,Calf alla Leg Press,Macchina,Principiante
Spalle,Military Press (Lento Avanti Bilanciere),Bilanciere,Intermedio
Spalle,Lento Avanti con Manubri,Manubri,Intermedio
Spalle,Shoulder Press Machine,Macchina,Principiante
Spalle,Alzate Laterali con Manubri,Manubri,Principiante
Spalle,Alzate Laterali ai Cavi,Cavi,Principiante
Spalle,Alzate Frontali con Manubri,Manubri,Principiante
Spalle,Alzate Frontali con Bilanciere,Bilanciere,Principiante
Spalle,Alzate Posteriori con Manubri (Deltoidi Post),Manubri,Principiante
Spalle,Face Pull,Cavi,Principiante
Spalle,Reverse Fly Machine (Pec Deck Inverso),Macchina,Principiante
Spalle,Tirate al Mento con Bilanciere,Bilanciere,Intermedio
Bicipiti,Curl con Bilanciere dritto,Bilanciere,Principiante
Bicipiti,Curl con Bilanciere Sagomato (EZ),Bilanciere,Principiante
Bicipiti,Curl Alternato con Manubri,Manubri,Principiante
Bicipiti,Curl a Martello (Hammer Curl),Manubri,Principiante
Bicipiti,Curl su Panca Inclinata,Manubri / Panca,Intermedio
Bicipiti,Curl alla Panca Scott,Bilanciere EZ / Manubrio,Principiante
Bicipiti,Curl Concentrato,Manubrio,Principiante
Bicipiti,Curl ai Cavi Bassi,Cavi,Principiante
Bicipiti,Spider Curl,Bilanciere / Panca,Intermedio
Tricipiti,Pushdown con Corda,Cavi,Principiante
Tricipiti,Pushdown con Barra dritta/V,Cavi,Principiante
Tricipiti,French Press con Bilanciere EZ,Bilanciere,Intermedio
Tricipiti,Skull Crusher con Manubri,Manubri,Intermedio
Tricipiti,Estensioni Dietro Nuca con Manubrio,Manubrio,Principiante
Tricipiti,Estensioni Dietro Nuca al Cavo Alto,Cavi,Principiante
Tricipiti,Panca Piana Presa Stretta,Bilanciere,Intermedio
Tricipiti,Dip tra due panche,Corpo Libero / Panca,Principiante
Tricipiti,Kickback con Manubrio,Manubri,Principiante
Addominali,Crunch a Terra,Corpo Libero,Principiante
Addominali,Crunch Inverso,Corpo Libero,Principiante
Addominali,Plank Statico,Corpo Libero,Principiante
Addominali,Side Plank (Plank Laterale),Corpo Libero,Principiante
Addominali,Leg Raise alla Sbarra (Sollevamento Gambe),Corpo Libero,Intermedio
Addominali,Sollevamento Ginocchia alle Parallele,Corpo Libero,Principiante
Addominali,Ab Wheel Rollout (Ruota Addominali),Ab Wheel,Avanzato
Addominali,Cable Crunch (Crunch ai Cavi),Cavi,Principiante
Addominali,Russian Twist,Corpo Libero / Palla Medica,Principiante
Addominali,Woodchopper ai Cavi,Cavi,Intermedio
Full Body,Stacco da Terra Regolare (Deadlift),Bilanciere,Intermedio
Full Body,Stacco da Terra Sumo,Bilanciere,Intermedio
Full Body,Clean & Press,Bilanciere / Kettlebell,Avanzato
Full Body,Snatch (Strappo),Bilanciere / Kettlebell,Avanzato
Full Body,Kettlebell Swing,Kettlebell,Intermedio
Full Body,Burpees,Corpo Libero,Principiante
Full Body,Farmer's Walk (Camminata del Contadino),Manubri / Quad Bar,Principiante
Full Body,Thruster,Bilanciere / Manubri,Avanzato
